timestamp,device,cpu_usage,mem_usage,net_usage
2025-08-31 19:47:14.441667,washer,8.88,585.66,258.54
2025-08-31 19:47:24.441667,tv,23.06,54.48,738.76
2025-08-31 19:47:34.441667,washer,74.98,1170.48,372.39
2025-08-31 19:47:44.441667,tv,95.45,1042.35,274.22
2025-08-31 19:47:54.441667,tv,38.94,649.74,899.71
2025-08-31 19:48:04.441667,light,98.93,115.1,689.77
2025-08-31 19:48:14.441667,washer,38.97,456.84,328.14
2025-08-31 19:48:24.441667,washer,72.21,1867.19,352.63
2025-08-31 19:48:34.441667,washer,9.66,1610.04,387.89
2025-08-31 19:48:44.441667,light,21.85,1502.75,113.93
2025-08-31 19:48:54.441667,light,53.52,1996.71,343.02
2025-08-31 19:49:04.441667,light,33.69,906.63,673.82
2025-08-31 19:49:14.441667,tv,27.34,507.65,771.21
2025-08-31 19:49:24.441667,light,83.04,130.66,684.8
2025-08-31 19:49:34.441667,light,69.76,1558.05,136.34
2025-08-31 19:49:44.441667,washer,68.83,996.85,645.31
2025-08-31 19:49:54.441667,light,87.68,1089.84,847.3
2025-08-31 19:50:04.441667,light,96.99,634.93,922.59
2025-08-31 19:50:14.441667,washer,43.05,1980.69,555.54
2025-08-31 19:50:24.441667,light,63.71,1157.41,278.13
2025-08-31 19:50:34.441667,tv,25.28,1971.64,564.3
2025-08-31 19:50:44.441667,tv,18.41,1728.4,643.0
2025-08-31 19:50:54.441667,light,9.77,1924.61,113.66
2025-08-31 19:51:04.441667,tv,99.35,1444.72,655.86
2025-08-31 19:51:14.441667,tv,63.4,1450.55,8.83
2025-08-31 19:51:24.441667,light,22.46,653.44,920.92
2025-08-31 19:51:34.441667,light,90.68,1130.43,581.44
2025-08-31 19:51:44.441667,light,99.67,1522.5,27.48
2025-08-31 19:51:54.441667,tv,22.1,1854.49,476.96
2025-08-31 19:52:04.441667,tv,89.44,1227.84,769.4
2025-08-31 19:52:14.441667,tv,96.55,2020.42,593.98
2025-08-31 19:52:24.441667,tv,82.65,1913.65,681.22
2025-08-31 19:52:34.441667,tv,63.67,1032.65,101.02
2025-08-31 19:52:44.441667,tv,67.2,859.48,936.53
2025-08-31 19:52:54.441667,washer,12.05,173.74,119.9
2025-08-31 19:53:04.441667,tv,51.46,1238.77,252.83
2025-08-31 19:53:14.441667,washer,71.74,1772.97,310.06
2025-08-31 19:53:24.441667,tv,61.68,1004.54,486.69
2025-08-31 19:53:34.441667,light,4.65,1017.3,764.76
2025-08-31 19:53:44.441667,light,96.84,1501.01,61.06
2025-08-31 19:53:54.441667,light,33.3,1114.74,98.11
2025-08-31 19:54:04.441667,tv,67.17,648.47,41.84
2025-08-31 19:54:14.441667,washer,25.98,1443.61,350.78
2025-08-31 19:54:24.441667,light,82.67,118.93,346.35
2025-08-31 19:54:34.441667,light,7.53,1607.06,899.3
2025-08-31 19:54:44.441667,washer,20.99,1582.74,22.86
2025-08-31 19:54:54.441667,tv,79.15,569.24,524.51
2025-08-31 19:55:04.441667,washer,55.12,576.43,658.01
2025-08-31 19:55:14.441667,light,92.74,748.3,629.65
2025-08-31 19:55:24.441667,light,27.9,155.74,25.88
2025-08-31 19:55:34.441667,washer,90.07,2018.55,754.84
2025-08-31 19:55:44.441667,tv,7.16,609.76,17.43
2025-08-31 19:55:54.441667,tv,12.25,1775.08,808.2
2025-08-31 19:56:04.441667,washer,33.98,1904.02,968.34
2025-08-31 19:56:14.441667,light,53.1,735.2,672.65
2025-08-31 19:56:24.441667,washer,45.29,1462.31,116.03
2025-08-31 19:56:34.441667,washer,81.09,1863.55,881.14
2025-08-31 19:56:44.441667,light,65.49,478.72,615.24
2025-08-31 19:56:54.441667,light,7.18,1221.51,411.46
2025-08-31 19:57:04.441667,washer,86.7,193.27,910.92
2025-08-31 19:57:14.441667,washer,56.05,143.49,954.29
2025-08-31 19:57:24.441667,tv,91.73,1241.93,600.77
2025-08-31 19:57:34.441667,tv,69.11,878.32,789.71
2025-08-31 19:57:44.441667,washer,43.6,172.92,859.89
2025-08-31 19:57:54.441667,light,94.85,921.84,111.98
2025-08-31 19:58:04.441667,light,47.01,1183.54,20.41
2025-08-31 19:58:14.441667,tv,93.1,684.7,895.91
2025-08-31 19:58:24.441667,light,28.6,1717.53,686.14
2025-08-31 19:58:34.441667,light,62.52,1917.64,878.82
2025-08-31 19:58:44.441667,tv,39.88,48.84,880.58
2025-08-31 19:58:54.441667,tv,68.14,877.53,919.44
2025-08-31 19:59:04.441667,light,17.41,1097.59,301.21
2025-08-31 19:59:14.441667,washer,45.07,1569.89,451.35
2025-08-31 19:59:24.441667,washer,80.37,1311.64,363.35
2025-08-31 19:59:34.441667,washer,81.79,183.73,490.96
2025-08-31 19:59:44.441667,light,44.26,1416.23,918.83
2025-08-31 19:59:54.441667,washer,56.29,401.71,664.16
2025-08-31 20:00:04.441667,washer,29.25,1757.71,774.36
2025-08-31 20:00:14.441667,tv,36.91,180.23,549.68
2025-08-31 20:00:24.441667,tv,85.38,1726.5,565.34
2025-08-31 20:00:34.441667,washer,17.91,659.34,180.28
2025-08-31 20:00:44.441667,light,45.86,2047.52,493.54
2025-08-31 20:00:54.441667,tv,61.78,1346.19,382.89
2025-08-31 20:01:04.441667,tv,88.74,671.48,885.13
2025-08-31 20:01:14.441667,washer,82.57,503.25,700.34
2025-08-31 20:01:24.441667,tv,73.98,70.22,198.54
2025-08-31 20:01:34.441667,tv,53.75,1311.34,611.93
2025-08-31 20:01:44.441667,washer,93.5,628.92,810.28
2025-08-31 20:01:54.441667,light,40.77,220.17,190.74
2025-08-31 20:02:04.441667,washer,76.65,460.06,670.92
2025-08-31 20:02:14.441667,light,15.43,1428.75,797.08
2025-08-31 20:02:24.441667,washer,13.56,1195.35,17.8
2025-08-31 20:02:34.441667,tv,91.82,1195.96,201.17
2025-08-31 20:02:44.441667,light,66.53,1753.44,887.64
2025-08-31 20:02:54.441667,tv,43.78,62.51,402.87
2025-08-31 20:03:04.441667,washer,82.29,122.52,646.49
2025-08-31 20:03:14.441667,tv,38.41,530.34,18.09
2025-08-31 20:03:24.441667,tv,16.15,1166.37,700.19
2025-08-31 20:03:34.441667,washer,81.55,617.62,231.24
2025-08-31 20:03:44.441667,tv,59.41,772.73,897.3
2025-08-31 20:03:54.441667,light,38.78,2019.38,341.01
2025-08-31 20:04:04.441667,light,51.03,213.14,393.69
2025-08-31 20:04:14.441667,tv,79.05,398.43,929.78
2025-08-31 20:04:24.441667,tv,82.62,1942.56,30.19
2025-08-31 20:04:34.441667,light,59.5,1236.74,867.6
2025-08-31 20:04:44.441667,tv,96.13,2025.75,538.61
2025-08-31 20:04:54.441667,tv,11.04,1960.37,722.39
2025-08-31 20:05:04.441667,tv,30.94,1144.65,878.28
2025-08-31 20:05:14.441667,tv,96.38,371.03,894.15
2025-08-31 20:05:24.441667,washer,85.76,993.63,112.94
2025-08-31 20:05:34.441667,washer,92.21,1678.07,908.81
2025-08-31 20:05:44.441667,light,83.32,1980.48,392.8
2025-08-31 20:05:54.441667,washer,30.76,1625.76,204.06
2025-08-31 20:06:04.441667,light,27.12,1169.21,951.84
2025-08-31 20:06:14.441667,tv,54.07,1159.08,622.82
2025-08-31 20:06:24.441667,washer,24.46,1261.41,487.89
2025-08-31 20:06:34.441667,tv,32.26,1261.9,79.08
2025-08-31 20:06:44.441667,tv,16.63,911.35,651.39
2025-08-31 20:06:54.441667,tv,92.44,1279.23,799.15
2025-08-31 20:07:04.441667,washer,1.44,417.21,883.5
2025-08-31 20:07:14.441667,tv,15.35,771.1,858.0
2025-08-31 20:07:24.441667,washer,79.83,1455.71,113.42
2025-08-31 20:07:34.441667,light,46.86,1038.59,146.86
2025-08-31 20:07:44.441667,tv,49.97,1296.86,177.55
2025-08-31 20:07:54.441667,washer,20.95,109.78,855.33
2025-08-31 20:08:04.441667,tv,18.6,1624.46,465.67
2025-08-31 20:08:14.441667,light,56.61,439.34,335.21
2025-08-31 20:08:24.441667,tv,90.84,745.88,198.24
2025-08-31 20:08:34.441667,washer,65.89,625.15,65.79
2025-08-31 20:08:44.441667,tv,70.16,1731.77,787.55
2025-08-31 20:08:54.441667,tv,56.42,799.82,987.91
2025-08-31 20:09:04.441667,tv,64.56,1750.0,153.35
2025-08-31 20:09:14.441667,light,28.79,1429.2,901.93
2025-08-31 20:09:24.441667,washer,77.96,923.12,744.6
2025-08-31 20:09:34.441667,washer,4.54,1556.01,482.31
2025-08-31 20:09:44.441667,tv,59.66,156.76,127.34
2025-08-31 20:09:54.441667,light,68.99,1989.65,218.15
2025-08-31 20:10:04.441667,light,72.3,1143.18,656.86
2025-08-31 20:10:14.441667,tv,94.9,880.16,634.88
2025-08-31 20:10:24.441667,light,95.94,1100.85,419.09
2025-08-31 20:10:34.441667,washer,52.88,1562.23,188.91
2025-08-31 20:10:44.441667,tv,88.97,1762.84,217.23
2025-08-31 20:10:54.441667,tv,37.11,1665.87,529.44
2025-08-31 20:11:04.441667,light,49.81,168.14,219.89
2025-08-31 20:11:14.441667,washer,1.08,1103.92,901.64
2025-08-31 20:11:24.441667,tv,80.67,872.51,530.96
2025-08-31 20:11:34.441667,tv,87.69,1862.49,127.79
2025-08-31 20:11:44.441667,washer,16.65,308.47,120.25
2025-08-31 20:11:54.441667,tv,92.02,1592.4,311.61
2025-08-31 20:12:04.441667,tv,78.24,888.79,162.4
2025-08-31 20:12:14.441667,washer,61.9,1781.88,928.68
2025-08-31 20:12:24.441667,light,81.37,1196.87,281.03
2025-08-31 20:12:34.441667,tv,74.78,1925.61,506.34
2025-08-31 20:12:44.441667,washer,63.32,1872.49,861.95
2025-08-31 20:12:54.441667,washer,91.33,736.61,472.72
2025-08-31 20:13:04.441667,washer,50.55,698.08,102.08
2025-08-31 20:13:14.441667,washer,9.78,1659.43,715.09
2025-08-31 20:13:24.441667,washer,62.86,811.67,225.01
2025-08-31 20:13:34.441667,light,75.27,818.33,604.06
2025-08-31 20:13:44.441667,tv,58.52,32.26,108.49
2025-08-31 20:13:54.441667,light,91.58,1149.05,183.99
2025-08-31 20:14:04.441667,tv,90.83,1994.86,841.15
2025-08-31 20:14:14.441667,washer,31.71,526.94,41.42
2025-08-31 20:14:24.441667,tv,33.94,1410.42,202.31
2025-08-31 20:14:34.441667,washer,35.55,87.0,3.52
2025-08-31 20:14:44.441667,tv,82.06,998.15,398.31
2025-08-31 20:14:54.441667,washer,2.55,1298.02,400.65
2025-08-31 20:15:04.441667,washer,29.93,1046.54,454.46
2025-08-31 20:15:14.441667,light,17.26,207.7,697.17
2025-08-31 20:15:24.441667,light,14.0,1193.05,541.97
2025-08-31 20:15:34.441667,washer,17.97,968.65,207.29
2025-08-31 20:15:44.441667,light,74.71,1421.95,31.56
2025-08-31 20:15:54.441667,tv,46.84,696.29,181.82
2025-08-31 20:16:04.441667,light,20.79,789.71,393.83
2025-08-31 20:16:14.441667,tv,62.79,703.25,390.26
2025-08-31 20:16:24.441667,light,83.65,355.91,451.93
2025-08-31 20:16:34.441667,tv,19.05,1744.45,515.19
2025-08-31 20:16:44.441667,washer,54.34,711.93,310.34
2025-08-31 20:16:54.441667,tv,86.69,1015.63,348.02
2025-08-31 20:17:04.441667,tv,58.92,315.69,491.28
2025-08-31 20:17:14.441667,light,16.81,1751.91,29.66
2025-08-31 20:17:24.441667,tv,85.09,370.98,964.7
2025-08-31 20:17:34.441667,washer,35.31,305.9,635.85
2025-08-31 20:17:44.441667,washer,43.66,340.06,16.76
2025-08-31 20:17:54.441667,tv,81.58,1094.52,445.72
2025-08-31 20:18:04.441667,tv,53.63,2042.89,995.06
2025-08-31 20:18:14.441667,washer,31.53,114.19,739.31
2025-08-31 20:18:24.441667,washer,1.27,1408.75,732.75
2025-08-31 20:18:34.441667,washer,6.37,1221.79,733.86
2025-08-31 20:18:44.441667,tv,7.6,20.26,727.75
2025-08-31 20:18:54.441667,light,70.29,351.35,834.81
2025-08-31 20:19:04.441667,tv,8.26,649.45,896.66
2025-08-31 20:19:14.441667,washer,17.78,1635.9,189.48
2025-08-31 20:19:24.441667,washer,39.33,1596.01,931.62
2025-08-31 20:19:34.441667,washer,5.26,721.51,142.26
2025-08-31 20:19:44.441667,washer,52.22,700.56,356.22
2025-08-31 20:19:54.441667,tv,14.93,313.54,718.25
2025-08-31 20:20:04.441667,washer,46.45,1350.91,379.83
2025-08-31 20:20:14.441667,light,51.38,748.75,826.89
2025-08-31 20:20:24.441667,light,19.04,177.21,724.36
2025-08-31 20:20:34.441667,washer,50.54,61.15,670.53
2025-08-31 20:20:44.441667,washer,64.07,1885.38,741.3
2025-08-31 20:20:54.441667,washer,57.47,411.44,442.98
2025-08-31 20:21:04.441667,washer,19.74,1003.97,766.23
2025-08-31 20:21:14.441667,washer,30.76,1421.92,589.66
2025-08-31 20:21:24.441667,light,29.43,496.47,978.12
2025-08-31 20:21:34.441667,washer,46.1,844.47,174.97
2025-08-31 20:21:44.441667,tv,57.89,153.97,113.65
2025-08-31 20:21:54.441667,tv,5.43,1336.03,221.77
2025-08-31 20:22:04.441667,tv,85.08,887.85,99.59
2025-08-31 20:22:14.441667,washer,40.12,1038.33,374.1
2025-08-31 20:22:24.441667,washer,27.15,1401.82,521.85
2025-08-31 20:22:34.441667,tv,23.31,443.25,875.35
2025-08-31 20:22:44.441667,light,30.71,244.34,266.61
2025-08-31 20:22:54.441667,tv,93.59,537.03,804.76
2025-08-31 20:23:04.441667,light,37.84,543.72,988.6
2025-08-31 20:23:14.441667,light,70.22,1582.53,903.68
2025-08-31 20:23:24.441667,washer,51.31,1367.77,183.79
2025-08-31 20:23:34.441667,washer,78.18,1376.73,944.98
2025-08-31 20:23:44.441667,light,62.97,669.44,703.7
2025-08-31 20:23:54.441667,tv,91.56,1044.01,37.22
2025-08-31 20:24:04.441667,tv,47.74,28.92,968.7
2025-08-31 20:24:14.441667,light,87.97,316.88,736.61
2025-08-31 20:24:24.441667,tv,79.59,1036.75,49.95
2025-08-31 20:24:34.441667,tv,42.87,756.63,754.21
2025-08-31 20:24:44.441667,washer,66.39,2028.39,579.65
2025-08-31 20:24:54.441667,light,68.45,585.06,468.06
2025-08-31 20:25:04.441667,light,96.36,1647.84,357.96
2025-08-31 20:25:14.441667,washer,93.52,704.96,914.99
2025-08-31 20:25:24.441667,light,85.74,219.19,263.37
2025-08-31 20:25:34.441667,tv,71.13,895.66,327.3
2025-08-31 20:25:44.441667,light,43.67,1968.38,283.72
2025-08-31 20:25:54.441667,light,83.66,1714.1,705.68
2025-08-31 20:26:04.441667,tv,41.62,926.33,734.73
2025-08-31 20:26:14.441667,washer,23.45,284.97,302.85
2025-08-31 20:26:24.441667,tv,99.45,1885.25,423.84
2025-08-31 20:26:34.441667,light,3.03,772.36,428.71
2025-08-31 20:26:44.441667,light,20.79,1446.22,421.53
2025-08-31 20:26:54.441667,light,55.49,1076.7,477.33
2025-08-31 20:27:04.441667,washer,40.98,563.61,705.85
2025-08-31 20:27:14.441667,tv,36.32,986.98,53.79
2025-08-31 20:27:24.441667,light,22.97,1394.69,727.15
2025-08-31 20:27:34.441667,tv,13.35,969.03,494.54
2025-08-31 20:27:44.441667,tv,21.81,1571.4,997.8
2025-08-31 20:27:54.441667,light,76.1,1700.62,180.01
2025-08-31 20:28:04.441667,tv,49.3,1883.08,684.48
2025-08-31 20:28:14.441667,washer,28.28,1219.03,336.02
2025-08-31 20:28:24.441667,light,30.19,1809.23,409.02
2025-08-31 20:28:34.441667,tv,62.02,1923.25,394.43
2025-08-31 20:28:44.441667,light,8.4,1610.02,749.29
2025-08-31 20:28:54.441667,washer,41.63,1835.78,729.52
2025-08-31 20:29:04.441667,light,93.07,1431.58,110.16
2025-08-31 20:29:14.441667,tv,84.05,1762.44,760.52
2025-08-31 20:29:24.441667,washer,61.66,1287.52,871.63
2025-08-31 20:29:34.441667,washer,33.09,2001.36,538.98
2025-08-31 20:29:44.441667,tv,61.36,1101.84,117.44
2025-08-31 20:29:54.441667,light,79.75,886.21,757.45
2025-08-31 20:30:04.441667,light,18.85,209.81,749.72
2025-08-31 20:30:14.441667,light,63.95,83.54,857.53
2025-08-31 20:30:24.441667,tv,46.13,1216.71,672.41
2025-08-31 20:30:34.441667,light,40.21,1838.56,441.9
2025-08-31 20:30:44.441667,tv,58.12,826.2,728.3
2025-08-31 20:30:54.441667,washer,3.4,880.27,183.11
2025-08-31 20:31:04.441667,washer,82.16,67.66,235.61
2025-08-31 20:31:14.441667,light,21.63,314.11,492.52
2025-08-31 20:31:24.441667,washer,46.14,485.1,39.09
2025-08-31 20:31:34.441667,tv,34.5,1575.24,757.15
2025-08-31 20:31:44.441667,tv,77.63,169.7,889.05
2025-08-31 20:31:54.441667,washer,78.36,738.58,144.75
2025-08-31 20:32:04.441667,light,98.58,1750.8,819.8
2025-08-31 20:32:14.441667,tv,80.19,1092.9,357.03
2025-08-31 20:32:24.441667,light,53.52,1998.81,367.74
2025-08-31 20:32:34.441667,tv,2.0,878.13,700.4
2025-08-31 20:32:44.441667,tv,41.72,1337.75,561.24
2025-08-31 20:32:54.441667,light,44.52,898.65,721.66
2025-08-31 20:33:04.441667,washer,39.17,421.65,173.57
2025-08-31 20:33:14.441667,washer,4.37,387.49,48.85
2025-08-31 20:33:24.441667,tv,99.88,1105.43,851.48
2025-08-31 20:33:34.441667,washer,81.71,1282.33,723.33
2025-08-31 20:33:44.441667,washer,88.08,96.69,233.75
2025-08-31 20:33:54.441667,tv,98.54,837.53,358.25
2025-08-31 20:34:04.441667,tv,40.23,1078.02,917.6
2025-08-31 20:34:14.441667,washer,92.95,1608.5,377.17
2025-08-31 20:34:24.441667,tv,70.91,1771.14,662.46
2025-08-31 20:34:34.441667,washer,28.61,1831.18,760.12
2025-08-31 20:34:44.441667,washer,36.62,189.28,429.55
2025-08-31 20:34:54.441667,light,35.36,662.36,629.89
2025-08-31 20:35:04.441667,washer,31.22,565.31,301.62
2025-08-31 20:35:14.441667,washer,76.91,1119.4,253.42
2025-08-31 20:35:24.441667,washer,2.06,845.09,846.38
2025-08-31 20:35:34.441667,light,59.68,1581.02,380.56
2025-08-31 20:35:44.441667,light,71.24,1966.98,855.91
2025-08-31 20:35:54.441667,washer,78.49,1612.64,595.52
2025-08-31 20:36:04.441667,washer,73.96,1834.24,735.97
2025-08-31 20:36:14.441667,tv,31.48,832.12,576.65
2025-08-31 20:36:24.441667,light,25.01,1596.9,368.09
2025-08-31 20:36:34.441667,washer,32.5,1262.55,811.58
2025-08-31 20:36:44.441667,washer,99.97,1350.19,944.0
2025-08-31 20:36:54.441667,tv,92.36,1491.48,883.44
2025-08-31 20:37:04.441667,light,58.36,1788.25,706.91
2025-08-31 20:37:14.441667,light,72.6,448.7,884.65
2025-08-31 20:37:24.441667,tv,79.9,1512.35,666.79
2025-08-31 20:37:34.441667,washer,34.96,314.38,396.24
2025-08-31 20:37:44.441667,light,50.36,924.53,734.98
2025-08-31 20:37:54.441667,washer,23.76,1202.39,77.16
2025-08-31 20:38:04.441667,light,50.36,1580.71,924.61
2025-08-31 20:38:14.441667,washer,73.69,400.91,908.54
2025-08-31 20:38:24.441667,tv,14.94,656.5,8.88
2025-08-31 20:38:34.441667,tv,7.45,926.47,747.03
2025-08-31 20:38:44.441667,washer,93.8,59.91,41.44
2025-08-31 20:38:54.441667,tv,67.96,1132.33,895.38
2025-08-31 20:39:04.441667,light,4.14,981.29,40.55
2025-08-31 20:39:14.441667,light,34.02,2047.77,736.42
2025-08-31 20:39:24.441667,washer,92.55,1411.05,708.44
2025-08-31 20:39:34.441667,tv,67.12,1957.79,552.57
2025-08-31 20:39:44.441667,tv,53.33,1911.14,162.04
2025-08-31 20:39:54.441667,washer,70.66,124.7,323.27
2025-08-31 20:40:04.441667,light,97.66,699.54,375.95
2025-08-31 20:40:14.441667,light,35.9,584.15,528.23
2025-08-31 20:40:24.441667,light,14.1,635.81,498.65
2025-08-31 20:40:34.441667,tv,82.52,1969.84,791.72
2025-08-31 20:40:44.441667,tv,52.28,2037.0,657.01
2025-08-31 20:40:54.441667,light,42.08,1488.05,815.28
2025-08-31 20:41:04.441667,light,22.11,795.41,275.04
2025-08-31 20:41:14.441667,tv,25.18,278.46,470.62
2025-08-31 20:41:24.441667,tv,95.93,1274.64,181.38
2025-08-31 20:41:34.441667,tv,53.68,1311.59,415.14
2025-08-31 20:41:44.441667,washer,2.06,751.36,538.15
2025-08-31 20:41:54.441667,washer,53.9,124.96,231.31
2025-08-31 20:42:04.441667,washer,90.77,1077.47,357.13
2025-08-31 20:42:14.441667,washer,35.16,1868.46,524.68
2025-08-31 20:42:24.441667,light,24.16,1728.28,905.1
2025-08-31 20:42:34.441667,light,81.04,490.24,823.9
2025-08-31 20:42:44.441667,light,15.8,1848.82,104.82
2025-08-31 20:42:54.441667,light,46.77,563.27,421.72
2025-08-31 20:43:04.441667,light,92.97,789.06,290.96
2025-08-31 20:43:14.441667,washer,46.05,1028.57,82.91
2025-08-31 20:43:24.441667,washer,15.66,174.64,170.67
2025-08-31 20:43:34.441667,washer,55.99,791.86,355.47
2025-08-31 20:43:44.441667,tv,1.13,37.56,49.23
2025-08-31 20:43:54.441667,washer,93.1,1306.42,73.25
2025-08-31 20:44:04.441667,light,76.25,1781.61,918.18
2025-08-31 20:44:14.441667,tv,48.57,1005.59,814.0
2025-08-31 20:44:24.441667,washer,24.7,244.45,644.28
2025-08-31 20:44:34.441667,tv,56.18,1608.86,979.98
2025-08-31 20:44:44.441667,tv,4.82,373.48,3.26
2025-08-31 20:44:54.441667,tv,72.98,36.67,955.66
2025-08-31 20:45:04.441667,tv,73.78,537.7,524.94
2025-08-31 20:45:14.441667,light,29.57,1154.07,157.98
2025-08-31 20:45:24.441667,light,8.15,637.51,230.55
2025-08-31 20:45:34.441667,light,59.55,641.39,359.52
2025-08-31 20:45:44.441667,tv,51.23,357.25,182.43
2025-08-31 20:45:54.441667,tv,9.67,1814.72,340.6
2025-08-31 20:46:04.441667,washer,51.13,1911.61,848.93
2025-08-31 20:46:14.441667,washer,80.38,911.59,174.58
2025-08-31 20:46:24.441667,washer,90.63,1551.28,751.56
2025-08-31 20:46:34.441667,light,6.3,844.0,566.07
2025-08-31 20:46:44.441667,light,85.71,1672.53,258.07
2025-08-31 20:46:54.441667,washer,68.17,1420.24,67.2
2025-08-31 20:47:04.441667,tv,16.31,616.75,220.56
2025-08-31 20:47:14.441667,washer,32.32,59.07,585.59
2025-08-31 20:47:24.441667,washer,25.1,1025.15,968.38
2025-08-31 20:47:34.441667,light,28.92,947.74,893.71
2025-08-31 20:47:44.441667,washer,61.39,1571.43,110.66
2025-08-31 20:47:54.441667,tv,39.05,65.39,430.02
2025-08-31 20:48:04.441667,washer,76.43,1210.03,489.09
2025-08-31 20:48:14.441667,tv,74.9,792.84,84.11
2025-08-31 20:48:24.441667,light,91.9,1440.1,228.41
2025-08-31 20:48:34.441667,tv,77.58,1078.63,816.51
2025-08-31 20:48:44.441667,light,21.22,431.63,480.98
2025-08-31 20:48:54.441667,washer,23.16,1808.2,26.1
2025-08-31 20:49:04.441667,washer,88.68,826.87,182.84
2025-08-31 20:49:14.441667,light,44.18,1229.91,474.03
2025-08-31 20:49:24.441667,washer,51.33,187.38,140.6
2025-08-31 20:49:34.441667,tv,26.92,773.09,998.81
2025-08-31 20:49:44.441667,washer,32.02,1859.5,756.43
2025-08-31 20:49:54.441667,washer,34.72,939.42,254.19
2025-08-31 20:50:04.441667,tv,31.44,1280.48,357.87
2025-08-31 20:50:14.441667,tv,71.76,380.71,832.95
2025-08-31 20:50:24.441667,light,44.16,829.53,246.22
2025-08-31 20:50:34.441667,tv,32.5,1593.83,847.26
2025-08-31 20:50:44.441667,washer,68.69,1640.82,202.7
2025-08-31 20:50:54.441667,light,16.11,546.24,736.74
2025-08-31 20:51:04.441667,light,52.91,955.44,800.31
2025-08-31 20:51:14.441667,tv,97.25,441.95,261.13
2025-08-31 20:51:24.441667,washer,79.74,1258.67,584.16
2025-08-31 20:51:34.441667,washer,76.51,1789.99,56.29
2025-08-31 20:51:44.441667,light,82.38,560.51,160.52
2025-08-31 20:51:54.441667,washer,44.67,1654.31,825.13
2025-08-31 20:52:04.441667,tv,44.24,538.79,185.13
2025-08-31 20:52:14.441667,tv,60.58,226.15,831.58
2025-08-31 20:52:24.441667,tv,9.61,727.74,776.13
2025-08-31 20:52:34.441667,tv,9.14,1976.19,704.52
2025-08-31 20:52:44.441667,tv,92.85,47.48,429.89
2025-08-31 20:52:54.441667,light,62.85,1964.0,684.48
2025-08-31 20:53:04.441667,washer,68.87,86.89,143.42
2025-08-31 20:53:14.441667,washer,67.61,1091.28,958.75
2025-08-31 20:53:24.441667,light,56.97,1784.11,265.91
2025-08-31 20:53:34.441667,tv,44.46,1119.19,443.68
2025-08-31 20:53:44.441667,light,99.93,291.71,395.86
2025-08-31 20:53:54.441667,light,61.19,1317.22,267.46
2025-08-31 20:54:04.441667,tv,82.79,897.09,869.09
2025-08-31 20:54:14.441667,light,43.6,1124.96,88.98
2025-08-31 20:54:24.441667,washer,75.96,1203.53,604.85
2025-08-31 20:54:34.441667,washer,77.82,872.08,329.77
2025-08-31 20:54:44.441667,tv,8.32,770.15,478.45
2025-08-31 20:54:54.441667,light,19.67,1865.97,912.86
2025-08-31 20:55:04.441667,washer,20.05,891.67,511.17
2025-08-31 20:55:14.441667,tv,77.26,1731.29,34.14
2025-08-31 20:55:24.441667,washer,53.31,1020.65,45.45
2025-08-31 20:55:34.441667,washer,8.2,443.82,100.38
2025-08-31 20:55:44.441667,tv,80.5,87.82,35.6
2025-08-31 20:55:54.441667,light,12.5,698.28,482.83
2025-08-31 20:56:04.441667,tv,75.78,40.13,128.21
2025-08-31 20:56:14.441667,tv,98.98,859.53,97.69
2025-08-31 20:56:24.441667,light,64.7,359.34,975.01
2025-08-31 20:56:34.441667,washer,26.67,1377.85,17.59
2025-08-31 20:56:44.441667,washer,1.48,1016.73,414.3
2025-08-31 20:56:54.441667,washer,64.73,196.06,795.76
2025-08-31 20:57:04.441667,tv,30.76,1789.93,199.44
2025-08-31 20:57:14.441667,washer,80.95,1559.24,911.63
2025-08-31 20:57:24.441667,washer,99.53,321.78,187.47
2025-08-31 20:57:34.441667,tv,44.32,1184.99,242.33
2025-08-31 20:57:44.441667,light,21.85,689.07,512.93
2025-08-31 20:57:54.441667,light,47.97,1480.72,223.05
2025-08-31 20:58:04.441667,tv,3.62,1114.11,153.67
2025-08-31 20:58:14.441667,light,93.39,1279.27,26.9
2025-08-31 20:58:24.441667,light,79.24,710.13,871.77
2025-08-31 20:58:34.441667,washer,63.94,656.95,343.24
2025-08-31 20:58:44.441667,washer,93.4,785.08,3.88
2025-08-31 20:58:54.441667,tv,59.72,926.69,914.66
2025-08-31 20:59:04.441667,tv,26.61,1567.66,473.74
2025-08-31 20:59:14.441667,washer,57.53,1634.81,421.12
2025-08-31 20:59:24.441667,washer,87.74,1442.85,130.2
2025-08-31 20:59:34.441667,light,52.99,617.82,559.15
2025-08-31 20:59:44.441667,light,9.2,1514.13,43.66
2025-08-31 20:59:54.441667,light,61.22,1029.84,190.13
2025-08-31 21:00:04.441667,tv,56.05,747.59,280.39
2025-08-31 21:00:14.441667,tv,40.64,1389.95,316.75
2025-08-31 21:00:24.441667,light,40.62,1297.88,393.55
2025-08-31 21:00:34.441667,light,30.99,1256.97,330.11
2025-08-31 21:00:44.441667,washer,29.11,1878.16,20.26
2025-08-31 21:00:54.441667,washer,18.63,955.06,403.77
2025-08-31 21:01:04.441667,washer,65.44,1514.69,284.88
2025-08-31 21:01:14.441667,tv,55.09,104.49,607.55
2025-08-31 21:01:24.441667,light,84.77,149.1,164.91
2025-08-31 21:01:34.441667,light,81.2,1831.06,691.41
2025-08-31 21:01:44.441667,light,93.63,960.85,863.2
2025-08-31 21:01:54.441667,washer,88.11,1492.83,740.4
2025-08-31 21:02:04.441667,light,22.99,1466.96,371.07
2025-08-31 21:02:14.441667,tv,12.11,1429.44,162.17
2025-08-31 21:02:24.441667,light,96.39,676.13,928.96
2025-08-31 21:02:34.441667,washer,73.93,644.18,987.39
2025-08-31 21:02:44.441667,tv,50.37,1579.01,48.9
2025-08-31 21:02:54.441667,washer,89.65,1472.66,191.42
2025-08-31 21:03:04.441667,washer,36.62,36.68,273.84
2025-08-31 21:03:14.441667,tv,73.63,903.25,767.24
2025-08-31 21:03:24.441667,light,61.55,1251.15,244.03
2025-08-31 21:03:34.441667,tv,51.97,1798.96,781.63
2025-08-31 21:03:44.441667,tv,14.46,717.61,306.4
2025-08-31 21:03:54.441667,light,35.83,1990.55,815.61
2025-08-31 21:04:04.441667,light,23.78,1930.81,821.88
2025-08-31 21:04:14.441667,washer,38.59,2038.66,200.45
2025-08-31 21:04:24.441667,washer,8.66,1710.24,597.18
2025-08-31 21:04:34.441667,light,30.25,1125.79,936.59
2025-08-31 21:04:44.441667,tv,23.43,231.01,458.99
2025-08-31 21:04:54.441667,tv,6.59,1542.1,817.32
2025-08-31 21:05:04.441667,tv,83.38,177.89,358.55
2025-08-31 21:05:14.441667,light,11.98,770.73,968.24
2025-08-31 21:05:24.441667,washer,51.84,1705.17,51.51
2025-08-31 21:05:34.441667,tv,33.79,1398.07,215.91
2025-08-31 21:05:44.441667,tv,7.32,174.9,670.79
2025-08-31 21:05:54.441667,tv,39.98,360.29,942.88
2025-08-31 21:06:04.441667,light,48.03,248.52,826.5
2025-08-31 21:06:14.441667,washer,21.02,1232.06,104.39
2025-08-31 21:06:24.441667,light,25.24,2037.65,152.58
2025-08-31 21:06:34.441667,washer,27.6,1688.88,373.9
2025-08-31 21:06:44.441667,washer,97.57,1780.06,79.82
2025-08-31 21:06:54.441667,tv,65.29,1606.63,459.14
2025-08-31 21:07:04.441667,light,30.67,97.55,481.77
2025-08-31 21:07:14.441667,washer,13.52,1942.49,224.69
2025-08-31 21:07:24.441667,light,45.17,682.11,471.56
2025-08-31 21:07:34.441667,light,82.87,746.52,156.09
2025-08-31 21:07:44.441667,washer,67.58,1967.21,68.65
2025-08-31 21:07:54.441667,light,50.42,1315.24,582.17
2025-08-31 21:08:04.441667,tv,64.71,1740.37,49.17
2025-08-31 21:08:14.441667,washer,71.31,460.99,910.89
2025-08-31 21:08:24.441667,tv,99.07,646.78,134.42
2025-08-31 21:08:34.441667,tv,2.28,238.59,729.3
2025-08-31 21:08:44.441667,washer,66.84,1169.15,253.13
2025-08-31 21:08:54.441667,light,89.83,1637.4,519.26
2025-08-31 21:09:04.441667,tv,18.59,841.07,874.48
2025-08-31 21:09:14.441667,tv,87.51,1956.16,603.09
2025-08-31 21:09:24.441667,light,34.66,1158.69,193.28
2025-08-31 21:09:34.441667,light,67.85,259.62,918.99
2025-08-31 21:09:44.441667,light,38.96,176.07,603.04
2025-08-31 21:09:54.441667,tv,92.3,1645.86,611.11
2025-08-31 21:10:04.441667,tv,86.95,487.09,52.18
2025-08-31 21:10:14.441667,light,75.68,164.17,704.01
2025-08-31 21:10:24.441667,light,6.72,1418.98,560.45
2025-08-31 21:10:34.441667,tv,33.91,422.06,229.98
2025-08-31 21:10:44.441667,washer,31.89,518.55,581.69
2025-08-31 21:10:54.441667,washer,93.22,596.35,433.97
2025-08-31 21:11:04.441667,light,55.74,182.96,584.62
2025-08-31 21:11:14.441667,washer,32.02,842.48,249.62
2025-08-31 21:11:24.441667,tv,80.38,1138.23,952.13
2025-08-31 21:11:34.441667,washer,93.63,1439.68,527.76
2025-08-31 21:11:44.441667,light,48.77,639.81,872.68
2025-08-31 21:11:54.441667,light,48.87,980.6,452.29
2025-08-31 21:12:04.441667,tv,36.2,47.14,972.0
2025-08-31 21:12:14.441667,tv,98.55,70.63,408.95
2025-08-31 21:12:24.441667,tv,34.89,1736.92,382.05
2025-08-31 21:12:34.441667,washer,45.84,1870.0,884.38
2025-08-31 21:12:44.441667,light,52.44,663.08,825.03
2025-08-31 21:12:54.441667,tv,55.77,191.31,568.68
2025-08-31 21:13:04.441667,tv,49.99,438.95,883.86
2025-08-31 21:13:14.441667,light,78.84,500.15,691.95
2025-08-31 21:13:24.441667,washer,7.93,71.43,386.79
2025-08-31 21:13:34.441667,tv,84.33,1040.67,802.77
2025-08-31 21:13:44.441667,tv,72.07,322.17,456.67
2025-08-31 21:13:54.441667,tv,56.52,796.34,714.18
2025-08-31 21:14:04.441667,tv,2.17,911.46,335.28
2025-08-31 21:14:14.441667,washer,74.45,1873.22,101.98
2025-08-31 21:14:24.441667,tv,28.56,1807.38,140.28
2025-08-31 21:14:34.441667,tv,47.81,1277.63,783.71
2025-08-31 21:14:44.441667,light,6.64,1338.64,52.44
2025-08-31 21:14:54.441667,washer,16.13,294.15,664.12
2025-08-31 21:15:04.441667,light,46.45,2027.35,419.97
2025-08-31 21:15:14.441667,washer,5.59,1664.22,207.75
2025-08-31 21:15:24.441667,tv,95.71,1707.64,582.1
2025-08-31 21:15:34.441667,washer,85.68,771.64,384.51
2025-08-31 21:15:44.441667,light,5.47,1161.7,218.97
2025-08-31 21:15:54.441667,washer,9.12,212.73,199.46
2025-08-31 21:16:04.441667,washer,43.35,1040.17,372.81
2025-08-31 21:16:14.441667,washer,42.67,1849.86,162.93
2025-08-31 21:16:24.441667,light,31.9,1700.04,86.2
2025-08-31 21:16:34.441667,light,26.05,156.76,783.77
2025-08-31 21:16:44.441667,washer,7.95,1591.47,252.53
2025-08-31 21:16:54.441667,light,21.54,1755.33,811.79
2025-08-31 21:17:04.441667,light,85.55,773.19,655.5
2025-08-31 21:17:14.441667,washer,63.66,717.12,686.43
2025-08-31 21:17:24.441667,tv,84.88,114.29,620.54
2025-08-31 21:17:34.441667,tv,68.67,1065.28,50.22
2025-08-31 21:17:44.441667,washer,69.24,293.49,303.08
2025-08-31 21:17:54.441667,washer,11.09,799.48,628.22
2025-08-31 21:18:04.441667,washer,94.16,1694.97,445.09
2025-08-31 21:18:14.441667,light,90.3,1035.58,778.37
2025-08-31 21:18:24.441667,tv,79.08,1608.62,99.85
2025-08-31 21:18:34.441667,tv,11.84,203.01,354.9
2025-08-31 21:18:44.441667,tv,27.96,465.67,425.25
2025-08-31 21:18:54.441667,tv,11.79,1759.89,615.07
2025-08-31 21:19:04.441667,washer,9.73,76.43,917.87
2025-08-31 21:19:14.441667,washer,77.94,512.63,749.73
2025-08-31 21:19:24.441667,light,69.23,1324.26,926.57
2025-08-31 21:19:34.441667,tv,44.81,702.1,297.95
2025-08-31 21:19:44.441667,tv,47.7,255.87,264.23
2025-08-31 21:19:54.441667,washer,80.75,626.99,675.46
2025-08-31 21:20:04.441667,light,61.87,266.42,607.05
2025-08-31 21:20:14.441667,tv,86.84,227.46,493.92
2025-08-31 21:20:24.441667,light,80.36,1051.65,866.78
2025-08-31 21:20:34.441667,tv,16.22,844.36,489.51
2025-08-31 21:20:44.441667,light,1.86,1025.21,519.04
2025-08-31 21:20:54.441667,light,27.79,328.06,646.79
2025-08-31 21:21:04.441667,washer,61.64,1507.64,246.96
2025-08-31 21:21:14.441667,tv,48.3,1112.83,268.26
2025-08-31 21:21:24.441667,washer,1.99,2007.44,666.04
2025-08-31 21:21:34.441667,light,81.9,1287.38,181.44
2025-08-31 21:21:44.441667,light,55.57,123.88,553.61
2025-08-31 21:21:54.441667,light,66.45,2037.48,375.59
2025-08-31 21:22:04.441667,washer,49.25,733.59,816.05
2025-08-31 21:22:14.441667,tv,73.01,1774.71,662.56
2025-08-31 21:22:24.441667,tv,92.7,965.89,73.91
2025-08-31 21:22:34.441667,washer,36.82,941.87,256.42
2025-08-31 21:22:44.441667,tv,14.01,1145.99,138.5
2025-08-31 21:22:54.441667,light,55.74,120.77,390.84
2025-08-31 21:23:04.441667,washer,42.58,353.63,615.2
2025-08-31 21:23:14.441667,tv,54.63,905.47,214.44
2025-08-31 21:23:24.441667,washer,63.72,1757.37,196.94
2025-08-31 21:23:34.441667,tv,30.52,48.07,915.28
2025-08-31 21:23:44.441667,tv,13.96,851.83,460.84
2025-08-31 21:23:54.441667,light,73.14,377.79,178.35
2025-08-31 21:24:04.441667,tv,85.01,1835.38,863.56
2025-08-31 21:24:14.441667,washer,78.21,103.17,941.02
2025-08-31 21:24:24.441667,washer,75.37,740.22,719.51
2025-08-31 21:24:34.441667,tv,91.86,1220.8,139.5
2025-08-31 21:24:44.441667,washer,2.25,327.38,697.81
2025-08-31 21:24:54.441667,light,46.69,1888.23,658.56
2025-08-31 21:25:04.441667,light,57.29,1407.21,78.45
2025-08-31 21:25:14.441667,tv,42.4,688.29,178.51
2025-08-31 21:25:24.441667,washer,70.36,839.8,312.27
2025-08-31 21:25:34.441667,light,34.05,1026.67,755.8
2025-08-31 21:25:44.441667,light,39.97,453.3,476.55
2025-08-31 21:25:54.441667,light,67.3,319.34,427.69
2025-08-31 21:26:04.441667,tv,97.16,598.22,811.56
2025-08-31 21:26:14.441667,light,51.63,498.77,682.12
2025-08-31 21:26:24.441667,light,84.14,92.97,342.57
2025-08-31 21:26:34.441667,washer,94.66,1684.34,513.78
2025-08-31 21:26:44.441667,washer,15.69,2021.42,178.59
2025-08-31 21:26:54.441667,tv,64.18,1567.63,818.79
2025-08-31 21:27:04.441667,tv,25.68,1941.3,773.52
2025-08-31 21:27:14.441667,tv,56.84,386.44,765.2
2025-08-31 21:27:24.441667,washer,97.95,1627.46,975.01
2025-08-31 21:27:34.441667,light,44.61,1533.66,462.3
2025-08-31 21:27:44.441667,light,17.01,1115.71,534.56
2025-08-31 21:27:54.441667,light,76.69,839.61,283.81
2025-08-31 21:28:04.441667,light,31.4,1369.91,239.29
2025-08-31 21:28:14.441667,tv,60.92,935.3,22.44
2025-08-31 21:28:24.441667,light,79.9,1938.21,750.43
2025-08-31 21:28:34.441667,tv,76.97,554.93,486.94
2025-08-31 21:28:44.441667,washer,76.93,321.49,240.23
2025-08-31 21:28:54.441667,washer,4.14,219.12,0.82
2025-08-31 21:29:04.441667,light,24.83,1446.05,267.24
2025-08-31 21:29:14.441667,tv,51.16,1948.78,481.93
2025-08-31 21:29:24.441667,washer,3.08,37.96,738.19
2025-08-31 21:29:34.441667,washer,7.0,671.44,905.77
2025-08-31 21:29:44.441667,light,4.74,596.63,632.87
2025-08-31 21:29:54.441667,washer,38.46,234.75,247.24
2025-08-31 21:30:04.441667,washer,20.3,967.68,164.27
2025-08-31 21:30:14.441667,washer,50.3,676.86,51.72
2025-08-31 21:30:24.441667,tv,46.19,808.02,665.18
2025-08-31 21:30:34.441667,light,5.82,1544.12,795.69
2025-08-31 21:30:44.441667,tv,84.79,804.71,978.4
2025-08-31 21:30:54.441667,washer,82.75,781.0,922.55
2025-08-31 21:31:04.441667,tv,30.55,1864.42,916.32
2025-08-31 21:31:14.441667,tv,98.94,1825.78,793.92
2025-08-31 21:31:24.441667,light,31.07,720.19,425.94
2025-08-31 21:31:34.441667,light,86.08,375.31,983.95
2025-08-31 21:31:44.441667,washer,29.55,1825.43,292.57
2025-08-31 21:31:54.441667,washer,41.01,2021.95,178.96
2025-08-31 21:32:04.441667,tv,2.11,838.43,741.37
2025-08-31 21:32:14.441667,light,57.64,72.03,54.54
2025-08-31 21:32:24.441667,tv,25.71,1945.18,555.57
2025-08-31 21:32:34.441667,light,89.04,64.78,814.35
2025-08-31 21:32:44.441667,washer,36.9,340.53,431.71
2025-08-31 21:32:54.441667,tv,5.99,1102.61,557.55
2025-08-31 21:33:04.441667,light,82.57,241.15,806.77
2025-08-31 21:33:14.441667,light,84.0,118.14,953.94
2025-08-31 21:33:24.441667,light,8.0,1030.62,364.96
2025-08-31 21:33:34.441667,washer,82.31,1975.14,716.1
2025-08-31 21:33:44.441667,washer,15.02,1239.37,934.45
2025-08-31 21:33:54.441667,washer,45.96,413.99,348.68
2025-08-31 21:34:04.441667,light,83.89,1503.4,285.77
2025-08-31 21:34:14.441667,washer,49.74,1513.48,11.59
2025-08-31 21:34:24.441667,washer,13.28,239.82,936.97
2025-08-31 21:34:34.441667,light,60.28,338.56,857.68
2025-08-31 21:34:44.441667,tv,3.36,959.85,39.98
2025-08-31 21:34:54.441667,tv,92.11,921.46,783.32
2025-08-31 21:35:04.441667,tv,46.04,369.04,812.59
2025-08-31 21:35:14.441667,tv,35.44,647.61,535.1
2025-08-31 21:35:24.441667,tv,27.64,1677.82,6.28
2025-08-31 21:35:34.441667,light,61.9,1220.47,102.73
2025-08-31 21:35:44.441667,light,8.64,1120.5,281.52
2025-08-31 21:35:54.441667,light,22.5,752.81,130.16
2025-08-31 21:36:04.441667,tv,77.26,1310.33,906.86
2025-08-31 21:36:14.441667,washer,25.89,1968.42,946.13
2025-08-31 21:36:24.441667,washer,68.51,1027.58,301.56
2025-08-31 21:36:34.441667,light,69.02,1709.97,778.15
2025-08-31 21:36:44.441667,tv,89.79,1268.52,216.48
2025-08-31 21:36:54.441667,light,7.84,223.35,429.95
2025-08-31 21:37:04.441667,light,9.28,1695.0,573.16
2025-08-31 21:37:14.441667,light,96.92,903.13,129.65
2025-08-31 21:37:24.441667,light,29.91,1758.05,946.68
2025-08-31 21:37:34.441667,light,63.14,1445.96,92.61
2025-08-31 21:37:44.441667,light,38.13,1183.89,415.85
2025-08-31 21:37:54.441667,washer,24.8,1409.27,485.42
2025-08-31 21:38:04.441667,washer,13.78,83.0,91.8
2025-08-31 21:38:14.441667,washer,58.12,715.4,868.59
2025-08-31 21:38:24.441667,washer,65.22,406.31,819.15
2025-08-31 21:38:34.441667,light,93.46,101.81,495.27
2025-08-31 21:38:44.441667,tv,31.63,1904.87,294.57
2025-08-31 21:38:54.441667,light,27.96,1984.74,64.88
2025-08-31 21:39:04.441667,washer,22.04,1727.27,391.94
2025-08-31 21:39:14.441667,light,9.06,302.45,690.74
2025-08-31 21:39:24.441667,tv,55.93,1881.24,105.62
2025-08-31 21:39:34.441667,tv,1.21,2032.02,967.92
2025-08-31 21:39:44.441667,washer,37.38,826.77,738.22
2025-08-31 21:39:54.441667,tv,25.07,1928.73,689.04
2025-08-31 21:40:04.441667,washer,70.18,487.88,984.64
2025-08-31 21:40:14.441667,light,43.11,531.48,995.94
2025-08-31 21:40:24.441667,light,31.47,1216.09,976.24
2025-08-31 21:40:34.441667,light,21.69,561.51,341.77
2025-08-31 21:40:44.441667,tv,5.56,1086.59,209.3
2025-08-31 21:40:54.441667,light,78.76,995.62,669.74
2025-08-31 21:41:04.441667,tv,35.5,326.59,301.31
2025-08-31 21:41:14.441667,tv,82.69,1289.36,244.58
2025-08-31 21:41:24.441667,washer,12.87,77.16,989.5
2025-08-31 21:41:34.441667,washer,71.96,1132.22,25.02
2025-08-31 21:41:44.441667,tv,4.29,1638.77,348.16
2025-08-31 21:41:54.441667,tv,63.74,526.6,133.07
2025-08-31 21:42:04.441667,light,21.02,179.76,862.9
2025-08-31 21:42:14.441667,tv,38.53,1605.75,696.18
2025-08-31 21:42:24.441667,light,56.63,964.86,103.63
2025-08-31 21:42:34.441667,washer,55.8,268.19,519.16
2025-08-31 21:42:44.441667,washer,55.21,2015.9,802.42
2025-08-31 21:42:54.441667,washer,46.89,1445.66,525.0
2025-08-31 21:43:04.441667,tv,94.97,1876.42,219.09
2025-08-31 21:43:14.441667,washer,29.95,1886.65,264.09
2025-08-31 21:43:24.441667,washer,6.19,329.51,640.26
2025-08-31 21:43:34.441667,tv,36.2,1605.73,128.67
2025-08-31 21:43:44.441667,washer,2.77,1882.72,275.86
2025-08-31 21:43:54.441667,tv,3.42,613.64,152.2
2025-08-31 21:44:04.441667,washer,98.26,816.21,992.6
2025-08-31 21:44:14.441667,washer,94.38,575.91,42.59
2025-08-31 21:44:24.441667,tv,47.21,1207.84,410.11
2025-08-31 21:44:34.441667,washer,36.21,1017.27,374.87
2025-08-31 21:44:44.441667,washer,52.01,244.28,768.92
2025-08-31 21:44:54.441667,light,38.81,44.28,612.24
2025-08-31 21:45:04.441667,washer,69.61,830.6,549.15
2025-08-31 21:45:14.441667,light,70.12,911.67,480.5
2025-08-31 21:45:24.441667,tv,35.62,1680.62,210.83
2025-08-31 21:45:34.441667,tv,81.69,769.11,214.89
2025-08-31 21:45:44.441667,washer,7.26,88.61,880.32
2025-08-31 21:45:54.441667,tv,51.16,809.59,683.97
2025-08-31 21:46:04.441667,tv,20.77,195.48,108.99
2025-08-31 21:46:14.441667,light,88.11,232.68,528.5
2025-08-31 21:46:24.441667,tv,70.96,84.44,832.61
2025-08-31 21:46:34.441667,light,58.61,1365.81,53.82
2025-08-31 21:46:44.441667,light,89.49,1465.2,707.73
2025-08-31 21:46:54.441667,washer,70.23,1547.53,335.19
2025-08-31 21:47:04.441667,washer,20.35,1644.15,89.99
2025-08-31 21:47:14.441667,light,16.8,490.81,94.91
2025-08-31 21:47:24.441667,light,6.27,667.69,901.86
2025-08-31 21:47:34.441667,tv,2.17,1768.59,902.58
2025-08-31 21:47:44.441667,washer,98.56,699.45,415.07
2025-08-31 21:47:54.441667,light,71.32,337.53,530.29
2025-08-31 21:48:04.441667,washer,4.39,1407.62,560.04
2025-08-31 21:48:14.441667,tv,42.62,1272.47,344.36
2025-08-31 21:48:24.441667,tv,99.82,708.38,289.15
2025-08-31 21:48:34.441667,tv,52.08,566.79,970.7
2025-08-31 21:48:44.441667,light,35.77,1100.93,515.98
2025-08-31 21:48:54.441667,light,39.59,1546.25,644.5
2025-08-31 21:49:04.441667,tv,47.22,1952.05,676.54
2025-08-31 21:49:14.441667,washer,24.4,1017.07,508.64
2025-08-31 21:49:24.441667,washer,54.01,832.06,702.61
2025-08-31 21:49:34.441667,tv,9.68,2020.65,219.7
2025-08-31 21:49:44.441667,light,55.26,856.01,629.52
2025-08-31 21:49:54.441667,washer,95.95,766.71,754.38
2025-08-31 21:50:04.441667,tv,98.28,935.88,368.38
2025-08-31 21:50:14.441667,light,63.78,1573.31,605.45
2025-08-31 21:50:24.441667,washer,69.66,1776.46,990.63
2025-08-31 21:50:34.441667,tv,34.41,41.33,404.07
2025-08-31 21:50:44.441667,washer,94.71,312.31,838.62
2025-08-31 21:50:54.441667,tv,1.76,200.49,268.59
2025-08-31 21:51:04.441667,washer,23.23,1805.07,777.78
2025-08-31 21:51:14.441667,washer,26.49,149.04,28.31
2025-08-31 21:51:24.441667,tv,53.5,758.65,78.09
2025-08-31 21:51:34.441667,tv,84.91,1141.67,786.99
2025-08-31 21:51:44.441667,light,13.18,1486.99,207.8
2025-08-31 21:51:54.441667,light,1.63,1814.12,527.0
2025-08-31 21:52:04.441667,washer,92.23,565.58,536.65
2025-08-31 21:52:14.441667,light,19.16,1081.9,307.55
2025-08-31 21:52:24.441667,light,33.1,1713.08,660.11
2025-08-31 21:52:34.441667,washer,53.75,1282.93,712.04
2025-08-31 21:52:44.441667,light,73.58,959.54,357.95
2025-08-31 21:52:54.441667,washer,95.91,1976.54,35.34
2025-08-31 21:53:04.441667,washer,65.08,602.43,685.01
2025-08-31 21:53:14.441667,tv,22.04,764.03,151.6
2025-08-31 21:53:24.441667,tv,93.59,39.04,285.43
2025-08-31 21:53:34.441667,tv,43.62,477.57,104.7
2025-08-31 21:53:44.441667,washer,21.97,1820.86,486.82
2025-08-31 21:53:54.441667,tv,61.51,1036.51,819.93
2025-08-31 21:54:04.441667,tv,65.68,891.25,238.16
2025-08-31 21:54:14.441667,light,83.2,1947.7,654.65
2025-08-31 21:54:24.441667,light,67.79,393.31,378.38
2025-08-31 21:54:34.441667,light,69.75,1088.11,276.66
2025-08-31 21:54:44.441667,light,73.49,760.45,713.67
2025-08-31 21:54:54.441667,light,21.09,829.33,174.46
2025-08-31 21:55:04.441667,light,19.45,192.4,585.82
2025-08-31 21:55:14.441667,light,24.11,1819.99,477.65
2025-08-31 21:55:24.441667,light,17.03,1871.85,208.44
2025-08-31 21:55:34.441667,light,26.84,69.38,800.07
2025-08-31 21:55:44.441667,washer,81.28,1326.98,198.45
2025-08-31 21:55:54.441667,washer,34.54,2041.69,882.55
2025-08-31 21:56:04.441667,tv,36.44,1830.5,287.09
2025-08-31 21:56:14.441667,tv,93.22,1815.9,429.29
2025-08-31 21:56:24.441667,washer,12.11,22.1,139.51
2025-08-31 21:56:34.441667,washer,6.66,1813.22,439.25
2025-08-31 21:56:44.441667,washer,88.34,123.75,321.66
2025-08-31 21:56:54.441667,tv,27.57,495.95,178.46
2025-08-31 21:57:04.441667,tv,32.69,520.31,541.88
2025-08-31 21:57:14.441667,light,39.58,314.42,611.75
2025-08-31 21:57:24.441667,washer,98.09,1103.58,28.14
2025-08-31 21:57:34.441667,washer,59.61,786.83,232.05
2025-08-31 21:57:44.441667,washer,55.72,904.21,447.91
2025-08-31 21:57:54.441667,light,7.21,762.94,987.46
2025-08-31 21:58:04.441667,washer,84.95,1372.64,675.24
2025-08-31 21:58:14.441667,tv,80.06,609.47,665.9
2025-08-31 21:58:24.441667,tv,24.77,381.6,393.09
2025-08-31 21:58:34.441667,washer,30.22,904.86,938.7
2025-08-31 21:58:44.441667,light,86.24,1118.58,50.33
2025-08-31 21:58:54.441667,washer,50.9,1483.67,299.92
2025-08-31 21:59:04.441667,light,53.15,1929.33,857.47
2025-08-31 21:59:14.441667,light,28.66,838.57,818.19
2025-08-31 21:59:24.441667,washer,82.54,494.61,357.34
2025-08-31 21:59:34.441667,washer,67.11,996.77,894.33
2025-08-31 21:59:44.441667,washer,83.98,608.61,96.98
2025-08-31 21:59:54.441667,tv,78.46,479.36,602.08
2025-08-31 22:00:04.441667,washer,11.69,814.34,28.82
2025-08-31 22:00:14.441667,tv,25.24,1073.8,903.04
2025-08-31 22:00:24.441667,washer,62.38,709.71,619.12
2025-08-31 22:00:34.441667,washer,38.38,116.59,93.32
2025-08-31 22:00:44.441667,light,9.63,599.04,771.01
2025-08-31 22:00:54.441667,light,97.19,769.12,131.75
2025-08-31 22:01:04.441667,tv,9.06,588.73,627.03
2025-08-31 22:01:14.441667,washer,86.49,896.31,145.59
2025-08-31 22:01:24.441667,washer,81.31,783.08,853.62
2025-08-31 22:01:34.441667,tv,55.57,1782.27,69.22
2025-08-31 22:01:44.441667,washer,84.05,564.12,346.34
2025-08-31 22:01:54.441667,light,51.79,1679.47,89.91
2025-08-31 22:02:04.441667,washer,98.18,1058.39,287.83
2025-08-31 22:02:14.441667,light,5.47,1906.71,175.32
2025-08-31 22:02:24.441667,light,92.54,698.09,750.3
2025-08-31 22:02:34.441667,tv,78.11,1405.11,682.39
2025-08-31 22:02:44.441667,washer,55.02,307.28,12.36
2025-08-31 22:02:54.441667,tv,23.25,531.16,749.35
2025-08-31 22:03:04.441667,light,95.96,1991.18,951.36
2025-08-31 22:03:14.441667,tv,42.37,717.82,260.29
2025-08-31 22:03:24.441667,washer,5.81,507.54,622.19
2025-08-31 22:03:34.441667,tv,81.43,1228.18,194.76
2025-08-31 22:03:44.441667,tv,56.01,1807.7,766.09
2025-08-31 22:03:54.441667,light,18.89,1580.2,59.73
2025-08-31 22:04:04.441667,light,95.25,794.94,63.0
2025-08-31 22:04:14.441667,tv,81.09,302.92,762.51
2025-08-31 22:04:24.441667,washer,31.19,1532.16,37.87
2025-08-31 22:04:34.441667,tv,23.21,1946.57,895.23
2025-08-31 22:04:44.441667,washer,35.78,403.77,284.24
2025-08-31 22:04:54.441667,washer,58.06,1899.91,429.7
2025-08-31 22:05:04.441667,washer,19.48,2026.06,295.17
2025-08-31 22:05:14.441667,tv,42.01,827.01,261.73
2025-08-31 22:05:24.441667,tv,42.12,1687.28,816.03
2025-08-31 22:05:34.441667,washer,97.86,1587.92,239.13
2025-08-31 22:05:44.441667,washer,60.72,788.82,618.07
2025-08-31 22:05:54.441667,washer,39.4,582.45,303.15
2025-08-31 22:06:04.441667,tv,19.13,1540.05,986.13
2025-08-31 22:06:14.441667,tv,42.64,868.93,943.42
2025-08-31 22:06:24.441667,tv,29.04,1748.51,841.41
2025-08-31 22:06:34.441667,tv,61.37,216.13,937.75
2025-08-31 22:06:44.441667,light,9.83,1604.97,109.57
2025-08-31 22:06:54.441667,light,17.77,1796.49,514.37
2025-08-31 22:07:04.441667,tv,16.47,1573.59,828.24
2025-08-31 22:07:14.441667,light,75.95,411.99,883.31
2025-08-31 22:07:24.441667,washer,7.21,331.72,410.41
2025-08-31 22:07:34.441667,light,2.61,490.68,95.93
2025-08-31 22:07:44.441667,light,80.52,609.52,325.36
2025-08-31 22:07:54.441667,tv,77.77,1714.2,310.63
2025-08-31 22:08:04.441667,light,73.01,194.91,993.91
2025-08-31 22:08:14.441667,tv,69.55,1125.55,141.19
2025-08-31 22:08:24.441667,tv,54.94,428.44,515.96
2025-08-31 22:08:34.441667,light,81.69,876.57,681.16
2025-08-31 22:08:44.441667,tv,91.31,1529.11,27.26
2025-08-31 22:08:54.441667,light,62.12,910.33,408.96
2025-08-31 22:09:04.441667,light,98.88,1697.0,294.86
2025-08-31 22:09:14.441667,light,74.34,1610.32,226.44
2025-08-31 22:09:24.441667,light,33.07,1914.71,384.69
2025-08-31 22:09:34.441667,tv,67.95,1532.86,704.69
2025-08-31 22:09:44.441667,washer,49.65,2019.65,482.52
2025-08-31 22:09:54.441667,washer,4.58,854.78,889.88
2025-08-31 22:10:04.441667,tv,39.06,1732.05,220.58
2025-08-31 22:10:14.441667,washer,84.3,904.31,428.53
2025-08-31 22:10:24.441667,tv,41.94,43.0,291.91
2025-08-31 22:10:34.441667,light,31.27,955.28,510.18
2025-08-31 22:10:44.441667,washer,28.12,686.04,443.24
2025-08-31 22:10:54.441667,tv,80.06,56.43,488.63
2025-08-31 22:11:04.441667,tv,24.94,1168.68,983.25
2025-08-31 22:11:14.441667,light,69.23,756.35,595.94
2025-08-31 22:11:24.441667,washer,21.71,833.84,507.14
2025-08-31 22:11:34.441667,light,3.4,1446.41,374.85
2025-08-31 22:11:44.441667,washer,30.17,1851.16,504.26
2025-08-31 22:11:54.441667,tv,99.43,920.96,321.34
2025-08-31 22:12:04.441667,washer,92.04,1550.19,40.92
2025-08-31 22:12:14.441667,tv,43.12,796.98,736.12
2025-08-31 22:12:24.441667,light,18.48,186.33,351.38
2025-08-31 22:12:34.441667,tv,96.87,1223.55,804.46
2025-08-31 22:12:44.441667,washer,79.91,1472.05,85.43
2025-08-31 22:12:54.441667,tv,79.0,358.81,351.95
2025-08-31 22:13:04.441667,light,47.31,1102.56,669.36
2025-08-31 22:13:14.441667,washer,97.81,1000.93,389.51
2025-08-31 22:13:24.441667,light,71.02,205.42,585.4
2025-08-31 22:13:34.441667,light,1.37,1121.12,745.55
2025-08-31 22:13:44.441667,tv,28.96,527.07,433.37
2025-08-31 22:13:54.441667,washer,78.35,647.35,432.56
2025-08-31 22:14:04.441667,light,85.67,574.38,425.75
2025-08-31 22:14:14.441667,light,9.1,1130.56,316.02
2025-08-31 22:14:24.441667,washer,33.06,1199.7,26.6
2025-08-31 22:14:34.441667,washer,66.05,884.91,82.64
2025-08-31 22:14:44.441667,washer,20.86,472.35,823.31
2025-08-31 22:14:54.441667,light,81.48,753.92,834.41
2025-08-31 22:15:04.441667,light,96.7,1051.31,211.19
2025-08-31 22:15:14.441667,tv,91.43,1167.44,954.7
2025-08-31 22:15:24.441667,light,58.34,1026.79,964.36
2025-08-31 22:15:34.441667,washer,41.65,365.21,872.96
2025-08-31 22:15:44.441667,tv,41.47,585.73,463.48
2025-08-31 22:15:54.441667,light,27.65,621.36,419.5
2025-08-31 22:16:04.441667,tv,65.27,894.37,416.14
2025-08-31 22:16:14.441667,light,88.37,1409.65,14.06
2025-08-31 22:16:24.441667,tv,78.76,1688.92,218.87
2025-08-31 22:16:34.441667,light,25.8,1760.91,550.51
2025-08-31 22:16:44.441667,light,72.34,167.86,438.63
2025-08-31 22:16:54.441667,tv,33.8,191.07,588.42
2025-08-31 22:17:04.441667,light,43.25,282.75,689.77
2025-08-31 22:17:14.441667,washer,29.93,412.8,682.63
2025-08-31 22:17:24.441667,light,33.73,138.17,482.92
2025-08-31 22:17:34.441667,washer,33.22,1585.0,29.52
2025-08-31 22:17:44.441667,tv,56.64,1309.88,412.43
2025-08-31 22:17:54.441667,washer,41.95,994.21,348.74
2025-08-31 22:18:04.441667,tv,79.88,324.88,186.49
2025-08-31 22:18:14.441667,light,44.18,632.57,890.21
2025-08-31 22:18:24.441667,light,9.53,1294.71,690.29
2025-08-31 22:18:34.441667,light,20.45,445.4,643.05
2025-08-31 22:18:44.441667,tv,99.62,1719.82,771.46
2025-08-31 22:18:54.441667,tv,11.07,25.47,387.71
2025-08-31 22:19:04.441667,light,9.35,964.26,676.2
2025-08-31 22:19:14.441667,tv,30.26,214.31,894.6
2025-08-31 22:19:24.441667,tv,72.6,817.54,935.55
2025-08-31 22:19:34.441667,washer,33.5,1370.1,974.54
2025-08-31 22:19:44.441667,washer,85.83,441.9,346.92
2025-08-31 22:19:54.441667,light,97.46,921.8,526.66
2025-08-31 22:20:04.441667,tv,96.62,1261.39,253.34
2025-08-31 22:20:14.441667,washer,70.52,733.95,787.12
2025-08-31 22:20:24.441667,light,85.82,1695.63,340.72
2025-08-31 22:20:34.441667,tv,30.74,1594.57,198.33
2025-08-31 22:20:44.441667,light,57.19,1017.59,915.84
2025-08-31 22:20:54.441667,light,80.77,349.16,852.37
2025-08-31 22:21:04.441667,washer,58.99,575.36,299.02
2025-08-31 22:21:14.441667,tv,37.16,65.1,863.85
2025-08-31 22:21:24.441667,light,88.95,1816.34,569.99
2025-08-31 22:21:34.441667,light,14.68,390.8,737.22
2025-08-31 22:21:44.441667,tv,56.57,1851.04,501.08
2025-08-31 22:21:54.441667,washer,48.34,2027.2,239.35
2025-08-31 22:22:04.441667,light,61.11,1366.52,536.86
2025-08-31 22:22:14.441667,tv,90.04,399.62,17.35
2025-08-31 22:22:24.441667,light,79.77,96.63,909.53
2025-08-31 22:22:34.441667,light,56.77,1618.19,847.03
2025-08-31 22:22:44.441667,light,88.29,1203.08,514.45
2025-08-31 22:22:54.441667,tv,17.99,1759.22,900.04
2025-08-31 22:23:04.441667,light,31.45,1157.57,66.55
2025-08-31 22:23:14.441667,washer,57.73,1542.12,896.4
2025-08-31 22:23:24.441667,tv,67.5,199.39,871.93
2025-08-31 22:23:34.441667,light,46.03,610.23,968.1
2025-08-31 22:23:44.441667,light,78.68,218.94,455.43
2025-08-31 22:23:54.441667,light,33.7,1373.79,421.9
2025-08-31 22:24:04.441667,light,39.07,1920.0,244.49
2025-08-31 22:24:14.441667,washer,24.14,1641.84,399.62
2025-08-31 22:24:24.441667,tv,44.89,1001.15,998.21
2025-08-31 22:24:34.441667,washer,68.69,848.0,589.54
2025-08-31 22:24:44.441667,washer,58.18,654.82,414.17
2025-08-31 22:24:54.441667,tv,55.31,334.35,736.04
2025-08-31 22:25:04.441667,washer,97.42,1107.4,564.44
2025-08-31 22:25:14.441667,light,9.29,1838.1,50.31
2025-08-31 22:25:24.441667,tv,35.06,388.81,596.98
2025-08-31 22:25:34.441667,light,72.51,280.38,919.52
2025-08-31 22:25:44.441667,tv,52.38,1301.85,666.97
2025-08-31 22:25:54.441667,washer,45.27,40.93,421.82
2025-08-31 22:26:04.441667,tv,64.43,314.85,813.23
2025-08-31 22:26:14.441667,light,45.08,389.95,743.76
2025-08-31 22:26:24.441667,tv,42.21,894.79,359.76
2025-08-31 22:26:34.441667,washer,99.87,1935.36,815.34
2025-08-31 22:26:44.441667,washer,40.29,323.07,500.07
2025-08-31 22:26:54.441667,tv,2.8,1459.7,747.35
2025-08-31 22:27:04.441667,light,54.83,1788.59,902.06
2025-08-31 22:27:14.441667,light,21.22,1229.78,341.06
2025-08-31 22:27:24.441667,tv,91.95,268.88,972.26
2025-08-31 22:27:34.441667,washer,67.02,301.96,642.82
2025-08-31 22:27:44.441667,tv,90.65,2035.21,895.43
2025-08-31 22:27:54.441667,tv,3.32,1081.71,660.36
2025-08-31 22:28:04.441667,washer,41.29,207.61,218.4
2025-08-31 22:28:14.441667,tv,68.8,870.31,759.98
2025-08-31 22:28:24.441667,tv,88.25,1292.56,346.71
2025-08-31 22:28:34.441667,tv,67.81,199.09,226.78
2025-08-31 22:28:44.441667,tv,1.06,2018.89,407.46
2025-08-31 22:28:54.441667,tv,53.35,1256.9,574.38
2025-08-31 22:29:04.441667,tv,11.0,1391.63,307.27
2025-08-31 22:29:14.441667,light,96.15,1114.89,726.72
2025-08-31 22:29:24.441667,light,87.07,674.9,764.64
2025-08-31 22:29:34.441667,washer,85.79,831.47,393.74
2025-08-31 22:29:44.441667,washer,13.77,1656.2,854.48
2025-08-31 22:29:54.441667,light,9.87,1448.1,294.41
2025-08-31 22:30:04.441667,light,48.92,1589.49,377.35
2025-08-31 22:30:14.441667,light,97.67,1285.16,36.15
2025-08-31 22:30:24.441667,tv,6.34,1188.79,608.53
2025-08-31 22:30:34.441667,washer,89.19,1071.61,575.78
2025-08-31 22:30:44.441667,washer,57.55,1512.81,169.2
2025-08-31 22:30:54.441667,light,22.86,895.2,489.91
2025-08-31 22:31:04.441667,washer,40.36,1234.58,250.29
2025-08-31 22:31:14.441667,washer,98.33,1419.98,213.51
2025-08-31 22:31:24.441667,light,12.28,2012.88,38.23
2025-08-31 22:31:34.441667,washer,5.33,1172.64,855.84
2025-08-31 22:31:44.441667,light,46.08,1042.88,16.06
2025-08-31 22:31:54.441667,light,10.06,1382.46,581.55
2025-08-31 22:32:04.441667,tv,57.35,1832.19,691.64
2025-08-31 22:32:14.441667,tv,83.88,226.08,635.5
2025-08-31 22:32:24.441667,tv,81.63,1842.83,332.3
2025-08-31 22:32:34.441667,light,76.92,1559.82,90.98
2025-08-31 22:32:44.441667,tv,31.18,1129.15,436.45
2025-08-31 22:32:54.441667,light,30.07,1001.37,218.24
2025-08-31 22:33:04.441667,washer,34.54,691.34,300.32
2025-08-31 22:33:14.441667,light,55.96,390.88,493.63
2025-08-31 22:33:24.441667,washer,12.75,499.91,551.0
2025-08-31 22:33:34.441667,tv,34.2,1233.38,833.97
2025-08-31 22:33:44.441667,tv,53.66,1767.75,349.69
